{"cameraMode":{"drawMode":0,"name":"Shaded","section":"Shading Mode"},"sceneLighting":false,"audioPlay":false,"sceneViewState":{"m_AlwaysRefresh":false,"showFog":true,"showSkybox":false,"showFlares":true,"showImageEffects":true,"showParticleSystems":true,"showVisualEffectGraphs":true,"m_FxEnabled":true},"in2DMode":false,"pivot":{"x":0.439921498298645,"y":1.9397790431976319,"z":2.3299994468688967},"rotation":{"x":0.31000977754592898,"y":-0.16741253435611726,"z":0.05555187165737152,"w":0.9342358112335205},"size":2.8553504943847658,"orthographic":false}