{"cameraMode":{"drawMode":0,"name":"Shaded","section":"Shading Mode"},"sceneLighting":false,"audioPlay":false,"sceneViewState":{"m_AlwaysRefresh":false,"showFog":true,"showSkybox":false,"showFlares":true,"showImageEffects":true,"showParticleSystems":true,"showVisualEffectGraphs":true,"m_FxEnabled":true},"in2DMode":false,"pivot":{"x":-5.616203784942627,"y":0.722565233707428,"z":254.56185913085938},"rotation":{"x":0.014222036115825177,"y":0.7752529978752136,"z":-0.017432071268558503,"w":0.6312845349311829},"size":1.6552646160125733,"orthographic":false}